{
  "run_id": "20260112_152907_MiniGrid-Empty-16x16-v0",
  "env_id": "MiniGrid-Empty-16x16-v0",
  "algorithm": "PPO",
  "policy": "ActorCriticCnnPolicy",
  "device": "cuda",
  "observation_space": "Box(0, 255, (3, 128, 128), uint8)",
  "action_space": "Discrete(7)",
  "hyperparams": {
    "n_steps": 2048,
    "batch_size": 64,
    "n_epochs": 10,
    "gamma": 0.99,
    "gae_lambda": 0.95,
    "learning_rate": 0.0003,
    "clip_range": 0.2,
    "ent_coef": 0.0,
    "vf_coef": 0.5,
    "max_grad_norm": 0.5,
    "seed": 1
  },
  "final": {
    "time/total_timesteps": 200704,
    "rollout/ep_rew_mean": 0.9676825699999999,
    "rollout/ep_len_mean": 36.77,
    "train/approx_kl": 0.04976101964712143,
    "train/clip_fraction": 0.2009765625,
    "train/entropy_loss": -0.4556336887180805,
    "train/explained_variance": 0.9030734896659851,
    "train/value_loss": 0.000618260505825674,
    "train/loss": -0.06105031073093414
  }
}